-- Adminer 4.8.1 MySQL 8.0.28 dump

SET NAMES utf8;
SET time_zone = '+00:00';
SET foreign_key_checks = 0;
SET sql_mode = 'NO_AUTO_VALUE_ON_ZERO';

SET NAMES utf8mb4;

DROP TABLE IF EXISTS `estacion`;
CREATE TABLE `estacion` (
  `idestacion` int NOT NULL AUTO_INCREMENT,
  `nomestacion` varchar(100) NOT NULL,
  PRIMARY KEY (`idestacion`)
) ENGINE=InnoDB DEFAULT CHARSET=utf8mb4 COLLATE=utf8mb4_0900_ai_ci;

INSERT INTO `estacion` (`idestacion`, `nomestacion`) VALUES
(1,	'A'),
(2,	'B'),
(3,	'C');

DROP TABLE IF EXISTS `horario`;
CREATE TABLE `horario` (
  `idhorario` int NOT NULL AUTO_INCREMENT,
  `hora_inicial` time NOT NULL,
  `hora_final` time NOT NULL,
  PRIMARY KEY (`idhorario`)
) ENGINE=InnoDB DEFAULT CHARSET=utf8mb4 COLLATE=utf8mb4_0900_ai_ci;

INSERT INTO `horario` (`idhorario`, `hora_inicial`, `hora_final`) VALUES
(1,	'10:00:00',	'11:00:00'),
(2,	'11:00:00',	'12:00:00'),
(3,	'12:00:00',	'13:00:00'),
(4,	'13:00:00',	'14:00:00'),
(5,	'14:00:00',	'15:00:00');

DROP TABLE IF EXISTS `materiaprima`;
CREATE TABLE `materiaprima` (
  `idmateriaprima` int NOT NULL AUTO_INCREMENT,
  `nombre` varchar(100) NOT NULL,
  PRIMARY KEY (`idmateriaprima`)
) ENGINE=InnoDB DEFAULT CHARSET=utf8mb4 COLLATE=utf8mb4_0900_ai_ci;

INSERT INTO `materiaprima` (`idmateriaprima`, `nombre`) VALUES
(1,	'Cera'),
(2,	'Shampoo'),
(3,	'Pintura');

DROP TABLE IF EXISTS `materiaprimaxtiposervicio`;
CREATE TABLE `materiaprimaxtiposervicio` (
  `idmateriaprima` int NOT NULL,
  `idtiposervicio` int DEFAULT NULL
) ENGINE=InnoDB DEFAULT CHARSET=utf8mb4 COLLATE=utf8mb4_0900_ai_ci;

INSERT INTO `materiaprimaxtiposervicio` (`idmateriaprima`, `idtiposervicio`) VALUES
(2,	3),
(3,	3),
(2,	2),
(1,	1),
(2,	1),
(2,	4);

DROP TABLE IF EXISTS `permiso`;
CREATE TABLE `permiso` (
  `idpermiso` int NOT NULL AUTO_INCREMENT,
  `nompermiso` varchar(100) NOT NULL,
  `clave` varchar(100) CHARACTER SET utf8mb4 COLLATE utf8mb4_0900_ai_ci NOT NULL,
  PRIMARY KEY (`idpermiso`)
) ENGINE=InnoDB DEFAULT CHARSET=utf8mb4 COLLATE=utf8mb4_0900_ai_ci;

INSERT INTO `permiso` (`idpermiso`, `nompermiso`, `clave`) VALUES
(1,	'Modulo de Servicios',	'Servicio'),
(2,	'Modulo de Personal',	'Personal'),
(3,	'Modulo de Tipos Socio',	'TiposSocio'),
(4,	'Modulo de Adminer',	'Adminer'),
(5,	'Modulo de Socios',	'Socios'),
(6,	'Modulo de Tipo Servicios',	'TipoServicios'),
(7,	'Modulo de Edicion',	' Edicion');

DROP TABLE IF EXISTS `personal`;
CREATE TABLE `personal` (
  `idpersonal` int NOT NULL AUTO_INCREMENT,
  `nombre` varchar(100) NOT NULL,
  `curp` varchar(100) CHARACTER SET utf8mb4 COLLATE utf8mb4_0900_ai_ci NOT NULL,
  `foto` varchar(255) CHARACTER SET utf8mb4 COLLATE utf8mb4_0900_ai_ci NOT NULL,
  `idsucursal` int NOT NULL,
  `idusuario` int NOT NULL,
  PRIMARY KEY (`idpersonal`)
) ENGINE=InnoDB DEFAULT CHARSET=utf8mb4 COLLATE=utf8mb4_0900_ai_ci;

INSERT INTO `personal` (`idpersonal`, `nombre`, `curp`, `foto`, `idsucursal`, `idusuario`) VALUES
(1,	'Jose Luis Puga Perez',	'VEUC03072HYN',	'fotos/foto-1670095087.png',	1,	0),
(2,	'Deysi Perez Palomo',	'AJUC03072HYN',	'fotos/foto-1670036278.png',	2,	0),
(3,	'Roger Perez  Lora',	'AJUC03072HYN',	'fotos/foto-1670036295.jpg',	3,	0),
(4,	'Ivan Jesus Puga Perez',	'AJUC03072HYN',	'fotos/foto-1670036255.png',	4,	0),
(106,	'Carlos Perez Lopez',	'VEUC03072HYNNHRA2',	'fotos/foto-1670036336.png',	2,	0),
(107,	'Angela Chi',	'AJUC03072HYNNHRA2',	'fotos/foto-1670036352.jpg',	3,	0),
(108,	'Freddy May Canul',	'AJUC03072HYNNHRA2',	'fotos/foto-1670036422.png',	3,	0),
(109,	'Sebastian Ortiz',	'VEUC03072HYNNHRA2',	'',	3,	0),
(160,	'Jermain Lemke Upton',	'MFZPNLX3VK',	'',	1,	0),
(161,	'Jerald Reichert Spencer',	'E63ON8606V',	'',	1,	0),
(162,	'Ms. Gregoria Rodriguez White',	'ZYKXCG7970',	'',	5,	0),
(163,	'Tyree Howe Wunsch',	'36OM6EKBO2',	'',	4,	0),
(164,	'Ms. Aracely Lubowitz Dicki',	'P7BAQMGOCZ',	'',	2,	0),
(165,	'Bo Collier MD Kshlerin',	'GFVIFZK6A2',	'',	4,	0),
(166,	'Jennie Marks Tillman',	'CXJ7ODCJC6',	'',	4,	0),
(167,	'Kathleen Nienow DVM Watsica',	'ZA65FPDGWS',	'',	3,	0),
(168,	'Rodrick Zemlak Lehner',	'ZLYMOG8X3X',	'',	5,	0),
(169,	'Brandyn Schimmel Hodkiewicz',	'0B9CCZ8RG8',	'',	4,	0),
(170,	'Prof. Danial Funk I Zboncak',	'T20QVE3FOT',	'',	2,	0),
(171,	'Glennie Carroll Johnston',	'RUMUH59OLK',	'',	5,	0),
(172,	'Antonia Kihn Wyman',	'PAF32APOP6',	'',	2,	0),
(173,	'Mrs. Kaitlin Boyle MD Simonis',	'TC4ELK946G',	'',	1,	0),
(174,	'Nettie Welch Schulist',	'0O2NMFRQ1N',	'',	2,	0),
(175,	'Dorothy Hammes Gaylord',	'TPT69UA97F',	'',	3,	0),
(176,	'Ms. Edyth Mante Gislason',	'C6605GDZP4',	'',	4,	0),
(177,	'Cleo Marks Tillman',	'K9MR6D8XWF',	'',	4,	0),
(178,	'Dr. Ryann Yundt II Mraz',	'EA0830QXVB',	'',	5,	0),
(179,	'Timothy Fahey Schroeder',	'EO16SDWM98',	'',	2,	0),
(180,	'Jermaine Hickle Sr. Pacocha',	'88WCJJ48CO',	'',	3,	0),
(181,	'Marquise Hayes Osinski',	'KWLW945C4N',	'',	1,	0),
(182,	'Clementina Kuhic Cronin',	'NCNDIE3RF3',	'',	2,	0),
(183,	'Prof. Berneice Conn II Becker',	'WSNGOYTSUT',	'',	5,	0),
(184,	'Dax Bergnaum Rau',	'YDS57UGD66',	'',	3,	0),
(185,	'Mariela Roberts Wintheiser',	'2F6J7TET4Y',	'',	2,	0),
(186,	'Dr. Elisabeth Bauch Lubowitz',	'7ODWAV6MRI',	'',	2,	0),
(187,	'Libbie Murphy Smitham',	'TO0FLX19UZ',	'',	4,	0),
(188,	'Vincenza Schuster Langosh',	'NY7KYWNXMU',	'',	5,	0),
(189,	'Maureen Olson Hammes',	'H6FAIR5RF7',	'',	2,	0),
(190,	'Jett Pacocha Hilll',	'H3TQ3P0SN8',	'',	5,	0),
(191,	'Dario Hoppe Roberts',	'4DRZRH5OMY',	'',	2,	0),
(192,	'Oran Mertz Purdy',	'SXTAMB2OON',	'',	1,	0),
(193,	'Alanna Wuckert Leannon',	'T0D91Y76DN',	'',	5,	0),
(194,	'Zella Rutherford Sr. Connelly',	'3QQJ04B1LN',	'',	1,	0),
(195,	'Dr. Terrell Quitzon DDS Yost',	'HC0EEWZZD4',	'',	4,	0),
(196,	'Jordan Howe Jr. Turner',	'EURAGELORM',	'',	5,	0),
(197,	'Carlee Towne Emmerich',	'2IUC2BRX6C',	'',	1,	0),
(198,	'Scotty Dickens Zemlak',	'HBR0OWVCWL',	'',	4,	0),
(199,	'Alysson Cartwright III O\'Keefe',	'HA70G7X1FT',	'',	2,	0),
(200,	'Nina Bradtke Wolf',	'LFA6XSZTHZ',	'',	3,	0),
(201,	'Daisha Hilll Blanda',	'RV9PM1KT0X',	'',	4,	0),
(202,	'Tierra Cummerata Bauch',	'KEWMR2BGH4',	'',	5,	0),
(203,	'Stacey Satterfield Boehm',	'ZJT0RCXDHZ',	'',	3,	0),
(204,	'Dr. Jimmie Gusikowski Greenfelder',	'BVIU9WKJMR',	'',	4,	0),
(205,	'Johnpaul Stiedemann Kunze',	'MKJXEPAWF1',	'',	2,	0),
(206,	'Rodolfo Smith Legros',	'KIMSQDUW1N',	'',	5,	0),
(207,	'Constance Schaefer DDS Denesik',	'HI3G2EADG6',	'',	3,	0),
(208,	'Dr. Orin Hoeger Rodriguez',	'XTL4GD66G0',	'',	1,	0),
(209,	'Modesto Heathcote Murphy',	'PPXNL72TV5',	'',	3,	0),
(210,	'Sebastian carlos',	'VEUC03072HYNNHRA2',	'',	4,	0),
(211,	'Sebastian Ortiz',	'VEUC03072HYNNHRA2',	'fotos/foto-1670036319.jpg',	3,	0),
(212,	'Montana Runolfsson Sporer',	'T799MAU9NX',	'',	4,	0),
(213,	'Bert Pagac Bahringer',	'K5L32UCTYH',	'',	4,	0),
(214,	'Mr. Marley Dietrich Torphy',	'DF8B3D4XF5',	'',	2,	0),
(215,	'Evelyn Jacobi Lind',	'G1KFDQP151',	'',	1,	0),
(216,	'Vivian Becker Prohaska',	'6GQI1Y265T',	'',	1,	0),
(217,	'Kaia Raynor Sr. Lebsack',	'AKBQLAZQGK',	'',	4,	0),
(218,	'Hubert Marks Reichel',	'KZJY5CEX3L',	'',	5,	0),
(219,	'Florence Hayes Grimes',	'WJA8TWJF9P',	'',	5,	0),
(220,	'Romaine D\'Amore Wehner',	'56MWO684V4',	'',	2,	0),
(221,	'Lurline Witting D\'Amore',	'40R8XXFR9I',	'',	3,	0),
(222,	'Vita Kris Marquardt',	'702RD8XXN8',	'',	3,	0),
(223,	'Joel Hamill D\'Amore',	'6XM21VK6A3',	'',	5,	0),
(224,	'Dr. Marcus Bruen Hintz',	'RVUEIKGRF2',	'',	4,	0),
(225,	'Prof. Brooks Gislason Schuster',	'7IEHLP0CBX',	'',	5,	0),
(226,	'Dr. Linnea Schultz Harvey',	'5HKBPC6JIA',	'',	5,	0),
(227,	'Mrs. Asa Fritsch Connelly',	'ZZ2UO5D934',	'',	4,	0),
(228,	'Earnestine Walsh Schneider',	'0GVS3OH0BN',	'',	3,	0),
(229,	'Edwina Conn Jr. Rodriguez',	'7NH8SNY31J',	'',	1,	0),
(230,	'Christophe Kunze Mitchell',	'6ER23DK1MH',	'',	3,	0),
(231,	'Mrs. Maia Cremin Runolfsson',	'DMR5412T9D',	'',	5,	0),
(232,	'Prof. Jabari Mraz III Hilll',	'TUWQ9ZMWWJ',	'',	5,	0),
(233,	'Coty Abernathy PhD Anderson',	'DY8K91YRKU',	'',	5,	0),
(234,	'Vilma Ruecker Kilback',	'BKHEABCA7Y',	'',	3,	0),
(235,	'Dr. Kiley McGlynn V Beier',	'E3H91Q4PUC',	'',	1,	0),
(236,	'Taryn Walter Hodkiewicz',	'JH02GZV2PK',	'',	1,	0),
(237,	'Hermina Kiehn Macejkovic',	'FZ1XAUVVYN',	'',	1,	0),
(238,	'Dr. Michele Windler Rempel',	'TRKV2UKDJM',	'',	5,	0),
(239,	'Noble Waters Lakin',	'C562N1TPHQ',	'',	2,	0),
(240,	'Prof. Candido Heller PhD Stracke',	'CRL7CKLOOH',	'',	3,	0),
(241,	'Mrs. Rebekah Bosco Graham',	'ZV845Q82D4',	'',	4,	0),
(242,	'Prof. Ross Stoltenberg Jr. Dicki',	'JHWCDSPLSY',	'',	2,	0),
(243,	'Elton West Sr. Luettgen',	'SP9BWCHB2N',	'',	2,	0),
(244,	'Madisyn Bernier Stehr',	'C6PDLXSCTM',	'',	5,	0),
(245,	'Dr. Keeley Bogan Ryan',	'T7CO9FIEO2',	'',	4,	0),
(246,	'Katrine Gleason Wyman',	'8DQW8FI8F8',	'',	3,	0),
(247,	'Jaren Stanton V Fadel',	'4XCRXB5C84',	'',	2,	0),
(248,	'Makenna Dach II Mayer',	'A58C8U2VC3',	'',	5,	0),
(249,	'Cali Pfannerstill Lind',	'2IEF1NBTRG',	'',	3,	0),
(250,	'Claudine Braun Kris',	'KUJ61OD60L',	'',	3,	0),
(251,	'Prudence Grant Becker',	'ITG8H1URVS',	'',	5,	0),
(252,	'Prof. Raphael Fahey II Gerlach',	'PW4PC2SPPB',	'',	3,	0),
(253,	'Erick Mertz King',	'LFD91KO7BG',	'',	1,	0),
(254,	'Cali Brekke McLaughlin',	'8830YSBITN',	'',	2,	0),
(255,	'Nona Konopelski Quitzon',	'LWNDIQBJGS',	'',	4,	0),
(256,	'Franco Yundt Kris',	'9W2TQF40KG',	'',	2,	0),
(257,	'Mr. Florencio Walker Dietrich',	'I1RJTLCGJP',	'',	4,	0),
(258,	'Clare Gislason Weimann',	'SJ6WBXORI9',	'',	5,	0),
(259,	'Mrs. Shemar Douglas Berge',	'YUFFQOS87R',	'',	3,	0),
(260,	'Prof. Karlie Schiller Christiansen',	'WRNULM1370',	'',	3,	0),
(261,	'Rolando Pagac V Larkin',	'B0MARPBCXG',	'',	1,	0),
(262,	'Pearlie Blanda Rogahn',	'O44NSEKCI0',	'',	2,	0),
(263,	'Birdie Murazik Russel',	'2JAJ8LVAWG',	'',	1,	0),
(264,	'Aniyah Stehr Graham',	'5AZC3RAIQK',	'',	3,	0),
(265,	'Darius Hermiston Jr. Stiedemann',	'SJHGIIDYK4',	'',	3,	0),
(266,	'Mikayla Mann IV Nicolas',	'259MGGSI2C',	'',	5,	0),
(267,	'Kathlyn Kilback MD Dooley',	'5EUWHEFNX8',	'',	2,	0),
(268,	'Dr. Adah Prohaska Ortiz',	'CY79FC6IMK',	'',	2,	0),
(269,	'Carolyne Grimes II Murazik',	'8E2MDIVMOB',	'',	5,	0),
(270,	'Dr. John Ferry Douglas',	'NUBYHR0UKE',	'',	3,	0),
(271,	'Enola Von Kiehn',	'DTWWZLZJVC',	'',	2,	0),
(272,	'Mr. Brenden Torp Sanford',	'VKA3KQSW9N',	'',	4,	0),
(273,	'Bonita Abbott V Gerlach',	'4DNFP65S98',	'',	1,	0),
(274,	'Oswald Marquardt Rohan',	'PH1BSJTP7O',	'',	4,	0),
(275,	'Carmella Kerluke DuBuque',	'0M2HPEBLZ1',	'',	1,	0),
(276,	'Chandler Prosacco Bins',	'5IQNQTPTPX',	'',	5,	0),
(277,	'Gilbert Leuschke Schinner',	'23IMWSS0C4',	'',	4,	0),
(278,	'Dr. Enoch Maggio Abernathy',	'LJ30G92EBW',	'',	4,	0),
(279,	'Norene Kuhlman DVM Green',	'ZF0ORJSPOL',	'',	4,	0),
(280,	'Alycia Vandervort Sr. Daugherty',	'L1UIVOTV87',	'',	3,	0),
(281,	'Althea Doyle Bayer',	'5WTMXJL2VE',	'',	1,	0),
(282,	'Dixie Rath Swaniawski',	'U2BQX4WTNQ',	'',	2,	0),
(283,	'Danny Thiel MD Fay',	'UYRAJ3FX6E',	'',	3,	0),
(284,	'Dino Homenick Wehner',	'1A51SOO4GA',	'',	3,	0),
(285,	'Jeanette Rutherford Dibbert',	'QLPWG0W70B',	'',	2,	0),
(286,	'Prof. Kassandra Windler Simonis',	'TBR1QBFHQG',	'',	3,	0),
(287,	'Anastacio Reichel Hauck',	'8RMWW8T0XI',	'',	1,	0),
(288,	'Kelly Waters Pouros',	'BJC4XLI17L',	'',	5,	0),
(289,	'Ciara Morar Miller',	'FVVUMMY768',	'',	3,	0),
(290,	'Dr. Deondre Schinner Kuphal',	'GDO94Z29DI',	'',	2,	0),
(291,	'Iva Bechtelar Bernhard',	'C6F745Y7BE',	'',	1,	0),
(292,	'Jamar Wiza Blick',	'KSIJ2FHR0F',	'',	5,	0),
(293,	'Derek Ritchie Nienow',	'NCYQENSFRO',	'',	4,	0),
(294,	'Dr. Allan Purdy Sr. McLaughlin',	'IA41ZV3KSE',	'',	3,	0),
(295,	'Heath Emard MD Ziemann',	'AEXAJGD9E9',	'',	3,	0),
(296,	'Toney Bogan Wyman',	'DN3330IF3Q',	'',	5,	0),
(297,	'Shaun Bernhard Swaniawski',	'4LT3SMWVUI',	'',	4,	0),
(298,	'Elise O\'Reilly IV Hodkiewicz',	'VH1DTIRY0Z',	'',	2,	0),
(299,	'Dudley Ledner Erdman',	'RH3T7RAP6A',	'',	1,	0),
(300,	'Griffin Kautzer Kassulke',	'VV76ROP1OU',	'',	2,	0),
(301,	'Mya Hirthe MD Fritsch',	'5Z13Q4X1F0',	'',	1,	0),
(302,	'Ed Bins Nitzsche',	'JU1LI1X149',	'',	4,	0),
(303,	'Cleveland Beahan DDS Vandervort',	'X2IA2SETM7',	'',	5,	0),
(304,	'Dr. Leopold Cummerata Bradtke',	'57NP4O5KHS',	'',	3,	0),
(305,	'Burnice Collier DuBuque',	'YNSTMUO42W',	'',	2,	0),
(306,	'Jalen Stehr DDS Marquardt',	'QYRBTR2IGV',	'',	2,	0),
(307,	'Prof. Sammie Gerhold II Ratke',	'FGCPXIIAT5',	'',	2,	0),
(308,	'Garrett Reinger Koepp',	'49MAFTELRN',	'',	5,	0),
(309,	'Dr. Nicolette Renner Koss',	'L7DVBCBBWY',	'',	5,	0),
(310,	'Prof. Wanda Rodriguez MD Rosenbaum',	'VWCBELTSRJ',	'',	2,	0),
(311,	'Margaretta Langosh II Dickens',	'KQENDGENOW',	'',	3,	0),
(312,	'Russel Runolfsson Prohaska',	'6CA8E76T0L',	'',	2,	0),
(313,	'Laila Roberts III Bernier',	'X5LJYWZMCQ',	'',	4,	0),
(314,	'Mertie Rempel MD Rohan',	'KA3OJVUJQS',	'',	4,	0),
(315,	'Willa Kovacek Streich',	'5D4MTBLO2D',	'',	2,	0),
(316,	'Rex Ankunding Lemke',	'DL86XOMJV9',	'',	3,	0),
(317,	'Kristoffer Little Labadie',	'BS87ANN5A3',	'',	4,	0),
(318,	'Mr. Rollin Beer V Williamson',	'UUKE8EJKCN',	'',	5,	0),
(319,	'Aubrey Skiles V Grady',	'HS9CCR1EL3',	'',	3,	0),
(320,	'Miss Cecilia Hermiston Weimann',	'53CZ35Q4YQ',	'',	1,	0),
(321,	'Bernadine Batz Hegmann',	'2FBZ3ABKFV',	'',	4,	0),
(322,	'Dr. Keanu Wiegand Harvey',	'R6F3COR3ZD',	'',	4,	0),
(323,	'Kristy Rodriguez Beatty',	'5QGXZA3LZ8',	'',	5,	0),
(324,	'Hilda Stracke Stiedemann',	'KK8S3T2Y24',	'',	4,	0),
(325,	'Chelsea Botsford Vandervort',	'VNMQDUU1XQ',	'',	1,	0),
(326,	'Shania Koss III Kozey',	'NASVMBFCXQ',	'',	3,	0),
(327,	'Miss Lulu Bauch DVM Senger',	'PNPH2J4OLI',	'',	4,	0),
(328,	'Omari Reynolds Goodwin',	'VPWV6UQTT7',	'',	2,	0),
(329,	'Kristopher Brakus Hayes',	'RIAJSD0YP8',	'',	4,	0),
(330,	'Perry Steuber VonRueden',	'VEIF6G7VT4',	'',	4,	0),
(331,	'Lonny Gislason Hudson',	'E8DZ710E47',	'',	5,	0),
(332,	'Clementine Ledner Marquardt',	'5OI6O2IDSR',	'',	1,	0),
(333,	'Vincent Davis Gutmann',	'72HA9U3W86',	'',	1,	0),
(334,	'Miss Penelope Jacobs Beatty',	'N5MEUJ9KQ9',	'',	5,	0),
(335,	'Gracie Robel Turcotte',	'9EPI07W1DH',	'',	4,	0),
(336,	'Marlene Schaden Champlin',	'QS1U0QU7L4',	'',	2,	0),
(337,	'Dr. Erna Auer Hammes',	'LN38R64R8E',	'',	3,	0),
(338,	'Rasheed Mueller DDS Pouros',	'RM5KIZYOWX',	'',	3,	0),
(339,	'Mohammad Morissette Rath',	'NZAJL201S6',	'',	4,	0),
(340,	'Prof. Avis Yundt Herman',	'Y3Z75JZYNU',	'',	3,	0),
(341,	'Betty Reichert Sr. Corkery',	'08H429667D',	'',	4,	0),
(342,	'Dr. Kane Predovic Greenfelder',	'ZRD37LFUP4',	'',	3,	0),
(343,	'Joshua Douglas Sr. Grant',	'NAPEA4S98W',	'',	5,	0),
(344,	'Mrs. Catalina Feil Jr. Macejkovic',	'Q4GUPNT9SR',	'',	4,	0),
(345,	'Prof. Bruce Reichert DVM Abshire',	'AN85EBA3E2',	'',	4,	0),
(346,	'Esteban Roob Jr. Morar',	'IYUY86JC0R',	'',	1,	0),
(347,	'Prof. Evangeline Dibbert Ankunding',	'6TKLTE4A1X',	'',	1,	0),
(348,	'Deangelo Green Rogahn',	'1KHAYIN3FJ',	'',	5,	0),
(349,	'Caden Moore Bogisich',	'WDVOJFQBW2',	'',	3,	0),
(350,	'Toni Strosin DDS Kub',	'GJ037TL3UG',	'',	1,	0),
(351,	'Bobby Carter Gleichner',	'5WO4W0VT84',	'',	5,	0),
(352,	'Dr. Jonas Predovic Sr. Schroeder',	'Y4W7XX70C5',	'',	4,	0),
(353,	'Kieran Bernhard Wunsch',	'1DRVKJHN8E',	'',	2,	0),
(354,	'Flossie Grady DVM Hills',	'PO0HHUT9WR',	'',	2,	0),
(355,	'Sigmund Mann Nolan',	'Q3BHKMMPP9',	'',	5,	0),
(356,	'Dr. Jade Ondricka Haag',	'0FCOWRG7I3',	'',	3,	0),
(357,	'Krystal Runte Macejkovic',	'WQB956PKT1',	'',	2,	0),
(358,	'Kristopher Douglas Prohaska',	'0DW9G7NKMP',	'',	3,	0),
(359,	'Clementine Kling Cassin',	'E12VFG6SUH',	'',	4,	0),
(360,	'Tess Kunde Tremblay',	'HUNAG9UZ82',	'',	4,	0),
(361,	'Kavon Corkery Kutch',	'11D5NZKMC2',	'',	5,	0);

DROP TABLE IF EXISTS `producto`;
CREATE TABLE `producto` (
  `idproducto` int NOT NULL AUTO_INCREMENT,
  `nombre` varchar(100) NOT NULL,
  `precio` int NOT NULL,
  PRIMARY KEY (`idproducto`)
) ENGINE=InnoDB DEFAULT CHARSET=utf8mb4 COLLATE=utf8mb4_0900_ai_ci;

INSERT INTO `producto` (`idproducto`, `nombre`, `precio`) VALUES
(10,	'jabon',	40),
(11,	'Esponja',	29);

DROP TABLE IF EXISTS `renta`;
CREATE TABLE `renta` (
  `idrenta` int NOT NULL AUTO_INCREMENT,
  `precio` decimal(10,2) NOT NULL,
  `idsocio` int NOT NULL,
  `fecha_inicio` date NOT NULL,
  `fecha_fin` date NOT NULL,
  PRIMARY KEY (`idrenta`)
) ENGINE=InnoDB DEFAULT CHARSET=utf8mb4 COLLATE=utf8mb4_0900_ai_ci;

INSERT INTO `renta` (`idrenta`, `precio`, `idsocio`, `fecha_inicio`, `fecha_fin`) VALUES
(1,	299.00,	3,	'2020-10-03',	'2020-10-10'),
(2,	29.00,	2,	'2020-11-09',	'2020-10-08'),
(3,	255.00,	4,	'2021-07-07',	'2021-08-08'),
(4,	255.00,	1,	'2021-07-07',	'2021-08-08'),
(5,	670.50,	3,	'2020-11-09',	'2020-12-09'),
(6,	619.00,	3,	'2020-10-01',	'2020-10-08'),
(7,	24.00,	3,	'2020-10-01',	'2020-10-09');

DROP TABLE IF EXISTS `rol`;
CREATE TABLE `rol` (
  `idrol` int NOT NULL AUTO_INCREMENT,
  `nomrol` varchar(100) NOT NULL,
  PRIMARY KEY (`idrol`)
) ENGINE=InnoDB DEFAULT CHARSET=utf8mb4 COLLATE=utf8mb4_0900_ai_ci;

INSERT INTO `rol` (`idrol`, `nomrol`) VALUES
(1,	'Personal'),
(2,	'Contabilidad'),
(3,	'Hosstes'),
(4,	'Socio'),
(5,	'Gerente');

DROP TABLE IF EXISTS `rolxpermiso`;
CREATE TABLE `rolxpermiso` (
  `idrol` int NOT NULL,
  `idpermiso` int NOT NULL
) ENGINE=InnoDB DEFAULT CHARSET=utf8mb4 COLLATE=utf8mb4_0900_ai_ci;

INSERT INTO `rolxpermiso` (`idrol`, `idpermiso`) VALUES
(4,	1),
(4,	2),
(4,	3),
(4,	4),
(4,	5),
(4,	6),
(4,	7),
(1,	1),
(1,	2),
(1,	3),
(1,	4),
(1,	5),
(1,	6),
(1,	7),
(2,	1),
(2,	2),
(2,	3),
(2,	4),
(2,	5),
(2,	6),
(2,	7),
(3,	1),
(3,	2),
(3,	3),
(3,	4),
(3,	5),
(3,	6),
(3,	7),
(5,	1),
(5,	2),
(5,	3),
(5,	4),
(5,	5),
(5,	6),
(5,	7);

DROP TABLE IF EXISTS `servicio`;
CREATE TABLE `servicio` (
  `idservicio` int NOT NULL AUTO_INCREMENT,
  `placa` varchar(100) CHARACTER SET utf8mb4 COLLATE utf8mb4_0900_ai_ci NOT NULL,
  `modelo` varchar(100) NOT NULL,
  `anio` int NOT NULL,
  `precio` decimal(10,2) NOT NULL,
  `idtiposervicio` int NOT NULL,
  `idpersonal` int NOT NULL,
  `idsocio` int NOT NULL,
  `fecha_creacion` datetime NOT NULL,
  `fecha_atencion_inicial` datetime NOT NULL,
  `fecha_atencion_final` datetime NOT NULL,
  `idestacion` int NOT NULL,
  `idhorario` int NOT NULL,
  `origen` varchar(50) NOT NULL,
  PRIMARY KEY (`idservicio`)
) ENGINE=InnoDB DEFAULT CHARSET=utf8mb4 COLLATE=utf8mb4_0900_ai_ci;

INSERT INTO `servicio` (`idservicio`, `placa`, `modelo`, `anio`, `precio`, `idtiposervicio`, `idpersonal`, `idsocio`, `fecha_creacion`, `fecha_atencion_inicial`, `fecha_atencion_final`, `idestacion`, `idhorario`, `origen`) VALUES
(1,	'YYY.4567',	'tesla',	2008,	160.00,	1,	1,	3,	'2022-11-26 21:02:39',	'2022-08-27 00:00:00',	'2022-09-10 00:00:00',	2,	3,	'WEB'),
(3,	'TTT-5000',	'PORTA',	2005,	160.00,	1,	2,	1,	'2022-09-14 01:36:59',	'2022-09-17 00:00:00',	'0000-00-00 00:00:00',	2,	2,	'APP'),
(8,	'TTT-5000',	'Suru',	2007,	240.00,	3,	3,	16,	'2022-07-26 04:38:56',	'2022-07-31 00:00:00',	'0000-00-00 00:00:00',	0,	0,	'LOCAL'),
(9,	'YYY.4568',	'Suru',	2005,	240.00,	3,	3,	16,	'2022-07-14 22:17:12',	'2022-07-16 00:00:00',	'0000-00-00 00:00:00',	0,	0,	''),
(10,	'TTT-6000',	'PORTA-2',	2005,	160.00,	1,	3,	16,	'2022-10-25 13:35:56',	'2022-10-26 00:00:00',	'0000-00-00 00:00:00',	0,	0,	''),
(11,	'TTT-5000',	'PORTA',	1999,	80.00,	2,	4,	3,	'2022-07-20 07:39:55',	'2022-07-22 00:00:00',	'0000-00-00 00:00:00',	0,	0,	''),
(12,	'YYA-Z-YCYC',	'Chevrolet',	2019,	80.00,	2,	74,	16,	'2022-10-16 21:36:15',	'2022-10-17 00:00:00',	'0000-00-00 00:00:00',	0,	0,	''),
(13,	'YYA-Z-YCYC',	'Ford',	2019,	80.00,	2,	60,	15,	'2022-10-10 05:49:34',	'2022-10-12 00:00:00',	'0000-00-00 00:00:00',	0,	0,	''),
(14,	'YYA-Z-YCYC',	'Honda',	2020,	240.00,	3,	94,	1,	'2022-07-25 21:32:00',	'2022-07-27 00:00:00',	'0000-00-00 00:00:00',	0,	0,	''),
(15,	'YYA-Z-YCYC',	'Seat',	2018,	160.00,	1,	97,	1,	'2022-09-01 09:35:23',	'2022-09-03 00:00:00',	'0000-00-00 00:00:00',	0,	0,	''),
(16,	'YYA-Z-YCYC',	'Tesla',	2020,	240.00,	3,	95,	2,	'2022-08-04 01:10:31',	'2022-08-07 00:00:00',	'0000-00-00 00:00:00',	0,	0,	''),
(17,	'YYA-Z-YCYC',	'Mercedes-Benz',	2018,	240.00,	3,	77,	15,	'2022-10-04 02:16:14',	'2022-10-05 00:00:00',	'0000-00-00 00:00:00',	0,	0,	''),
(18,	'YYA-Z-YCYC',	'Ford',	2018,	80.00,	2,	84,	16,	'2022-09-30 21:37:28',	'2022-10-04 00:00:00',	'0000-00-00 00:00:00',	0,	0,	''),
(19,	'YYA-Z-YCYC',	'Honda',	2018,	160.00,	1,	100,	1,	'2022-08-08 16:16:49',	'2022-08-09 00:00:00',	'0000-00-00 00:00:00',	0,	0,	''),
(20,	'YYA-Z-YCYC',	'Ford',	2019,	160.00,	1,	69,	2,	'2022-09-26 08:51:32',	'2022-09-28 00:00:00',	'0000-00-00 00:00:00',	0,	0,	''),
(21,	'YYA-Z-YCYC',	'Tesla',	2018,	160.00,	1,	102,	16,	'2022-09-29 21:12:01',	'2022-10-02 00:00:00',	'0000-00-00 00:00:00',	0,	0,	''),
(22,	'YYA-Z-YCYC',	'Nissan',	2019,	80.00,	2,	57,	1,	'2022-07-15 21:45:59',	'2022-07-17 00:00:00',	'0000-00-00 00:00:00',	0,	0,	''),
(23,	'YYA-Z-YCYC',	'Seat',	2019,	160.00,	1,	57,	1,	'2022-08-08 13:41:02',	'2022-08-13 00:00:00',	'0000-00-00 00:00:00',	0,	0,	''),
(24,	'YYA-Z-YCYC',	'Chevrolet',	2019,	160.00,	2,	3,	16,	'2022-09-22 04:07:25',	'2022-09-24 00:00:00',	'0000-00-00 00:00:00',	0,	0,	''),
(25,	'YYA-Z-YCYC',	'Ford',	2018,	80.00,	2,	61,	1,	'2022-07-30 19:30:32',	'2022-07-31 00:00:00',	'0000-00-00 00:00:00',	0,	0,	''),
(26,	'YYA-Z-YCYC',	'Seat',	2020,	160.00,	1,	89,	15,	'2022-10-19 02:31:41',	'2022-10-23 00:00:00',	'0000-00-00 00:00:00',	0,	0,	''),
(27,	'YYA-Z-YCYC',	'Volkswagen',	2018,	240.00,	3,	86,	1,	'2022-07-04 22:33:36',	'2022-07-06 00:00:00',	'0000-00-00 00:00:00',	0,	0,	''),
(28,	'YYA-Z-YCYC',	'Ford',	2019,	80.00,	2,	77,	15,	'2022-08-27 21:55:52',	'2022-08-30 00:00:00',	'0000-00-00 00:00:00',	0,	0,	''),
(29,	'YYA-Z-YCYC',	'Honda',	2019,	160.00,	1,	71,	3,	'2022-10-04 18:44:33',	'2022-10-06 00:00:00',	'0000-00-00 00:00:00',	0,	0,	''),
(30,	'YYA-Z-YCYC',	'Ford',	2018,	240.00,	3,	68,	16,	'2022-10-11 04:12:04',	'2022-10-16 00:00:00',	'0000-00-00 00:00:00',	0,	0,	''),
(31,	'YYA-Z-YCYC',	'Mercedes-Benz',	2020,	80.00,	2,	81,	16,	'2022-10-02 02:14:56',	'2022-10-06 00:00:00',	'0000-00-00 00:00:00',	0,	0,	''),
(32,	'TTT-5000',	'PORTA',	2005,	0.00,	2,	1,	2,	'2022-09-01 03:58:48',	'2022-09-02 00:00:00',	'0000-00-00 00:00:00',	0,	0,	''),
(33,	'Santa Ana',	'PORTA',	2005,	0.00,	3,	3,	15,	'2022-10-10 03:25:13',	'2022-10-13 00:00:00',	'0000-00-00 00:00:00',	0,	0,	''),
(34,	'arif',	'Suru',	2007,	0.00,	3,	70,	15,	'2022-11-04 03:47:30',	'2022-11-04 00:00:00',	'0000-00-00 00:00:00',	0,	0,	''),
(35,	'YYGXQNT-CR',	'Honda',	2019,	240.00,	3,	234,	1,	'2022-11-12 01:45:14',	'2022-11-17 11:00:00',	'2022-11-17 12:00:00',	1,	2,	'APP'),
(36,	'YYLJDVW-VS',	'Nissan',	2019,	780.00,	4,	220,	3,	'2022-08-26 16:19:36',	'2022-08-27 11:00:00',	'2022-08-27 12:00:00',	2,	2,	'APP'),
(37,	'YYWMAZV-LB',	'Ford',	2018,	160.00,	1,	69,	2,	'2022-11-26 21:04:06',	'2022-09-17 00:00:00',	'2022-09-17 00:00:00',	3,	1,	'APP'),
(38,	'YYKIJDX-EA',	'Mercedes-Benz',	2019,	80.00,	2,	289,	3,	'2022-09-26 13:38:11',	'2022-09-28 11:00:00',	'2022-09-28 12:00:00',	1,	2,	'WEB'),
(39,	'YYZWZID-KI',	'Tesla',	2018,	780.00,	4,	222,	2,	'2022-10-21 00:06:24',	'2022-10-22 11:00:00',	'2022-10-22 12:00:00',	1,	2,	'LOCAL'),
(40,	'YYSIPHD-IU',	'Mercedes-Benz',	2018,	780.00,	4,	163,	2,	'2022-10-01 23:51:38',	'2022-10-06 11:00:00',	'2022-10-06 12:00:00',	3,	2,	'APP'),
(41,	'YYCSMWG-SW',	'Seat',	2019,	80.00,	2,	170,	16,	'2022-10-02 17:30:24',	'2022-10-07 10:00:00',	'2022-10-07 11:00:00',	3,	1,	'WEB'),
(42,	'YYBKGQU-DS',	'Chevrolet',	2018,	240.00,	3,	216,	1,	'2022-11-23 07:37:17',	'2022-11-27 10:00:00',	'2022-11-27 11:00:00',	2,	1,	'APP'),
(43,	'YYRKXXA-JY',	'Tesla',	2018,	160.00,	1,	228,	3,	'2022-09-07 08:32:11',	'2022-09-10 11:00:00',	'2022-09-10 12:00:00',	1,	2,	'WEB'),
(44,	'YYXPTHA-JG',	'Ford',	2018,	240.00,	3,	157,	15,	'2022-10-22 20:08:24',	'2022-10-24 11:00:00',	'2022-10-24 12:00:00',	1,	2,	'LOCAL'),
(45,	'YYCGWPZ-XN',	'Honda',	2019,	80.00,	2,	58,	1,	'2022-09-06 09:15:29',	'2022-09-11 11:00:00',	'2022-09-11 12:00:00',	1,	2,	'LOCAL'),
(46,	'YYDXLJK-JC',	'Seat',	2018,	240.00,	3,	185,	15,	'2022-08-01 05:37:49',	'2022-08-04 11:00:00',	'2022-08-04 12:00:00',	1,	2,	'APP'),
(47,	'YYSVZUC-XK',	'Chevrolet',	2019,	780.00,	4,	294,	15,	'2022-10-26 15:01:19',	'2022-10-31 11:00:00',	'2022-10-31 12:00:00',	2,	2,	'WEB'),
(48,	'YYFTSVN-SA',	'Honda',	2018,	780.00,	4,	130,	2,	'2022-10-26 09:34:35',	'2022-10-28 10:00:00',	'2022-10-28 11:00:00',	3,	1,	'WEB'),
(49,	'YYKGZOW-CL',	'Tesla',	2018,	80.00,	2,	93,	15,	'2022-08-04 00:00:51',	'2022-08-08 11:00:00',	'2022-08-08 12:00:00',	2,	2,	'APP'),
(50,	'YYUYOQX-EI',	'Ford',	2018,	160.00,	1,	70,	15,	'2022-08-10 01:21:19',	'2022-08-15 10:00:00',	'2022-08-15 11:00:00',	3,	1,	'LOCAL'),
(51,	'YYHRZWL-CN',	'Seat',	2019,	780.00,	4,	119,	15,	'2022-10-13 16:17:02',	'2022-10-14 11:00:00',	'2022-10-14 12:00:00',	1,	2,	'WEB'),
(52,	'YYSMRWA-XE',	'Volkswagen',	2019,	80.00,	2,	92,	1,	'2022-11-10 15:57:08',	'2022-11-14 11:00:00',	'2022-11-14 12:00:00',	3,	2,	'LOCAL'),
(53,	'YYHIHDM-CB',	'Honda',	2019,	160.00,	1,	279,	2,	'2022-11-11 19:47:04',	'2022-11-16 10:00:00',	'2022-11-16 11:00:00',	2,	1,	'LOCAL'),
(54,	'YYZIEAX-WD',	'Honda',	2018,	80.00,	2,	119,	3,	'2022-10-15 01:24:34',	'2022-10-18 11:00:00',	'2022-10-18 12:00:00',	2,	2,	'WEB'),
(55,	'YYOXWFC-NH',	'Honda',	2018,	240.00,	3,	201,	3,	'2022-11-22 05:33:04',	'2022-11-26 11:00:00',	'2022-11-26 12:00:00',	1,	2,	'APP'),
(56,	'YYZUYHV-GD',	'Chevrolet',	2019,	160.00,	1,	79,	2,	'2022-10-18 03:58:56',	'2022-10-21 11:00:00',	'2022-10-21 12:00:00',	1,	2,	'APP'),
(57,	'YYFWPUN-IT',	'Honda',	2018,	80.00,	2,	129,	3,	'2022-10-31 13:43:39',	'2022-11-03 10:00:00',	'2022-11-03 11:00:00',	1,	1,	'LOCAL'),
(58,	'YYXPDHV-IB',	'Tesla',	2020,	240.00,	3,	240,	15,	'2022-11-01 14:13:35',	'2022-11-05 11:00:00',	'2022-11-05 12:00:00',	2,	2,	'LOCAL'),
(59,	'YYQOYRE-LE',	'Chevrolet',	2018,	160.00,	1,	300,	15,	'2022-10-09 09:45:55',	'2022-10-13 11:00:00',	'2022-10-13 12:00:00',	3,	2,	'APP'),
(60,	'YYTHAXB-II',	'Tesla',	2020,	780.00,	4,	225,	2,	'2022-08-23 01:46:44',	'2022-08-24 11:00:00',	'2022-08-24 12:00:00',	1,	2,	'LOCAL'),
(61,	'YYUEOWL-OP',	'Mercedes-Benz',	2020,	240.00,	3,	294,	3,	'2022-10-07 09:11:53',	'2022-10-12 10:00:00',	'2022-10-12 11:00:00',	3,	1,	'WEB'),
(62,	'YYLJIFT-NE',	'Mercedes-Benz',	2020,	80.00,	2,	254,	16,	'2022-10-31 03:58:50',	'2022-11-01 11:00:00',	'2022-11-01 12:00:00',	3,	2,	'WEB'),
(63,	'YYPOBPV-UG',	'Honda',	2019,	160.00,	1,	284,	15,	'2022-08-25 00:04:59',	'2022-08-30 11:00:00',	'2022-08-30 12:00:00',	2,	2,	'LOCAL'),
(64,	'YYPTGHT-CW',	'Honda',	2020,	80.00,	2,	120,	2,	'2022-11-16 01:29:38',	'2022-11-20 10:00:00',	'2022-11-20 11:00:00',	3,	1,	'WEB'),
(65,	'YYLPPRL-LQ',	'Seat',	2018,	160.00,	1,	113,	15,	'2022-10-02 18:27:59',	'2022-10-05 10:00:00',	'2022-10-05 11:00:00',	1,	1,	'LOCAL'),
(66,	'YYWZYUQ-WJ',	'Mercedes-Benz',	2020,	780.00,	4,	282,	16,	'2022-09-04 23:39:42',	'2022-09-07 11:00:00',	'2022-09-07 12:00:00',	2,	2,	'WEB'),
(67,	'YYUGLLE-AW',	'Honda',	2018,	240.00,	3,	140,	15,	'2022-08-04 00:55:14',	'2022-08-06 10:00:00',	'2022-08-06 11:00:00',	2,	1,	'APP'),
(68,	'YYCDFNW-TC',	'Honda',	2019,	780.00,	4,	122,	2,	'2022-11-09 19:50:17',	'2022-11-11 10:00:00',	'2022-11-11 11:00:00',	2,	1,	'WEB'),
(69,	'YYSXXQR-QY',	'Tesla',	2019,	240.00,	3,	249,	3,	'2022-08-03 13:27:47',	'2022-08-04 10:00:00',	'2022-08-04 11:00:00',	1,	1,	'LOCAL'),
(70,	'YYASIYP-VC',	'Seat',	2018,	240.00,	3,	258,	15,	'2022-10-10 04:36:08',	'2022-10-13 10:00:00',	'2022-10-13 11:00:00',	3,	1,	'LOCAL'),
(71,	'YYORTFT-BB',	'Ford',	2018,	160.00,	1,	227,	1,	'2022-11-14 16:03:54',	'2022-11-15 10:00:00',	'2022-11-15 11:00:00',	2,	1,	'APP'),
(72,	'YYBHBVM-JK',	'Nissan',	2019,	240.00,	3,	297,	15,	'2022-10-31 09:52:59',	'2022-11-01 11:00:00',	'2022-11-01 12:00:00',	1,	2,	'APP'),
(73,	'YYKXELL-FF',	'Seat',	2019,	240.00,	3,	86,	15,	'2022-10-10 17:57:24',	'2022-10-13 11:00:00',	'2022-10-13 12:00:00',	2,	2,	'APP'),
(74,	'YYEFXWP-XW',	'Volkswagen',	2018,	780.00,	4,	138,	15,	'2022-09-10 14:51:19',	'2022-09-14 11:00:00',	'2022-09-14 12:00:00',	2,	2,	'APP'),
(75,	'YYSNRJY-ZA',	'Nissan',	2019,	240.00,	3,	63,	1,	'2022-08-05 15:35:56',	'2022-08-09 10:00:00',	'2022-08-09 11:00:00',	2,	1,	'LOCAL'),
(76,	'YYKPHRP-VC',	'Nissan',	2019,	160.00,	1,	176,	15,	'2022-11-11 18:39:35',	'2022-11-12 11:00:00',	'2022-11-12 12:00:00',	2,	2,	'WEB'),
(77,	'YYVRVZC-FJ',	'Ford',	2020,	780.00,	4,	216,	1,	'2022-11-22 20:23:45',	'2022-11-26 11:00:00',	'2022-11-26 12:00:00',	3,	2,	'LOCAL'),
(78,	'YYMPFQH-XA',	'Ford',	2020,	780.00,	4,	175,	1,	'2022-08-21 02:40:10',	'2022-08-24 11:00:00',	'2022-08-24 12:00:00',	3,	2,	'LOCAL'),
(79,	'YYMISSR-VZ',	'Mercedes-Benz',	2019,	160.00,	1,	215,	1,	'2022-08-02 08:04:43',	'2022-08-05 10:00:00',	'2022-08-05 11:00:00',	2,	1,	'LOCAL'),
(80,	'YYCCBVH-UN',	'Ford',	2020,	780.00,	4,	253,	15,	'2022-07-24 16:30:56',	'2022-07-29 10:00:00',	'2022-07-29 11:00:00',	3,	1,	'WEB'),
(81,	'YYWMZHT-EP',	'Ford',	2018,	160.00,	1,	57,	1,	'2022-08-01 01:07:29',	'2022-08-05 11:00:00',	'2022-08-05 12:00:00',	3,	2,	'LOCAL'),
(82,	'YYDKJKX-HH',	'Mercedes-Benz',	2020,	780.00,	4,	183,	15,	'2022-11-20 05:39:46',	'2022-11-21 11:00:00',	'2022-11-21 12:00:00',	2,	2,	'LOCAL'),
(83,	'YYKNREP-TO',	'Ford',	2019,	160.00,	1,	72,	15,	'2022-09-01 15:18:42',	'2022-09-04 11:00:00',	'2022-09-04 12:00:00',	3,	2,	'WEB'),
(84,	'YYVBYLS-AC',	'Nissan',	2018,	160.00,	1,	106,	15,	'2022-09-28 16:28:23',	'2022-09-30 11:00:00',	'2022-09-30 12:00:00',	1,	2,	'WEB'),
(85,	'YYVLNXI-DC',	'Nissan',	2018,	240.00,	3,	252,	16,	'2022-09-06 06:04:53',	'2022-09-11 10:00:00',	'2022-09-11 11:00:00',	1,	1,	'APP'),
(86,	'YYHBCOV-BP',	'Mercedes-Benz',	2018,	780.00,	4,	68,	15,	'2022-09-28 12:00:52',	'2022-09-29 11:00:00',	'2022-09-29 12:00:00',	2,	2,	'APP'),
(87,	'YYGNJMR-QL',	'Honda',	2019,	780.00,	4,	107,	2,	'2022-08-04 09:51:01',	'2022-08-08 10:00:00',	'2022-08-08 11:00:00',	3,	1,	'LOCAL'),
(88,	'YYZSPVF-AB',	'Volkswagen',	2020,	160.00,	1,	183,	2,	'2022-08-13 10:23:17',	'2022-08-15 10:00:00',	'2022-08-15 11:00:00',	1,	1,	'APP'),
(89,	'YYAQEPE-WV',	'Honda',	2019,	780.00,	4,	262,	16,	'2022-09-21 14:36:31',	'2022-09-24 11:00:00',	'2022-09-24 12:00:00',	2,	2,	'APP'),
(90,	'YYZZNYF-XM',	'Honda',	2019,	160.00,	1,	218,	3,	'2022-09-01 21:56:30',	'2022-09-04 10:00:00',	'2022-09-04 11:00:00',	2,	1,	'APP'),
(91,	'YYCIVVF-AS',	'Seat',	2018,	240.00,	3,	124,	1,	'2022-09-15 22:19:38',	'2022-09-18 10:00:00',	'2022-09-18 11:00:00',	3,	1,	'LOCAL'),
(92,	'YYSUKTQ-CW',	'Tesla',	2018,	780.00,	4,	137,	2,	'2022-08-25 17:07:27',	'2022-08-26 11:00:00',	'2022-08-26 12:00:00',	2,	2,	'LOCAL'),
(93,	'YYHHZTP-UJ',	'Mercedes-Benz',	2019,	160.00,	1,	184,	3,	'2022-07-26 01:42:17',	'2022-07-30 10:00:00',	'2022-07-30 11:00:00',	1,	1,	'LOCAL'),
(94,	'YYUDBLX-YQ',	'Chevrolet',	2020,	780.00,	4,	97,	1,	'2022-10-13 04:34:16',	'2022-10-16 10:00:00',	'2022-10-16 11:00:00',	2,	1,	'APP'),
(95,	'YYXPTLS-LK',	'Volkswagen',	2020,	240.00,	3,	217,	1,	'2022-11-10 18:21:55',	'2022-11-11 11:00:00',	'2022-11-11 12:00:00',	1,	2,	'APP'),
(96,	'YYAJLGE-JE',	'Seat',	2020,	780.00,	4,	101,	15,	'2022-08-15 19:33:40',	'2022-08-20 11:00:00',	'2022-08-20 12:00:00',	2,	2,	'LOCAL'),
(97,	'YYNGIRI-XI',	'Seat',	2018,	780.00,	4,	94,	3,	'2022-09-12 04:58:25',	'2022-09-13 10:00:00',	'2022-09-13 11:00:00',	1,	1,	'LOCAL'),
(98,	'YYZLMGL-HC',	'Honda',	2019,	780.00,	4,	222,	2,	'2022-08-22 13:02:45',	'2022-08-26 10:00:00',	'2022-08-26 11:00:00',	2,	1,	'LOCAL'),
(99,	'YYNRWLP-YN',	'Mercedes-Benz',	2019,	160.00,	1,	129,	3,	'2022-10-25 22:22:47',	'2022-10-30 11:00:00',	'2022-10-30 12:00:00',	1,	2,	'WEB'),
(100,	'YYKWNMR-MF',	'Mercedes-Benz',	2020,	780.00,	4,	240,	3,	'2022-11-09 14:17:04',	'2022-11-13 11:00:00',	'2022-11-13 12:00:00',	2,	2,	'APP'),
(101,	'YYTSYUE-LW',	'Nissan',	2019,	80.00,	2,	108,	1,	'2022-09-28 09:10:14',	'2022-10-01 11:00:00',	'2022-10-01 12:00:00',	3,	2,	'LOCAL'),
(102,	'YYROGLB-LA',	'Tesla',	2018,	780.00,	4,	186,	2,	'2022-08-20 06:44:10',	'2022-08-23 10:00:00',	'2022-08-23 11:00:00',	3,	1,	'APP'),
(103,	'YYDYVAK-OM',	'Chevrolet',	2019,	80.00,	2,	233,	15,	'2022-08-10 21:50:17',	'2022-08-14 11:00:00',	'2022-08-14 12:00:00',	1,	2,	'LOCAL'),
(104,	'YYHWEKM-DX',	'Chevrolet',	2018,	780.00,	4,	95,	3,	'2022-07-27 14:12:57',	'2022-07-31 11:00:00',	'2022-07-31 12:00:00',	2,	2,	'APP'),
(105,	'YYJJQHW-XH',	'Volkswagen',	2018,	80.00,	2,	260,	2,	'2022-08-25 10:29:11',	'2022-08-28 10:00:00',	'2022-08-28 11:00:00',	3,	1,	'LOCAL'),
(106,	'YYYSOMF-CV',	'Volkswagen',	2019,	240.00,	3,	293,	1,	'2022-07-31 19:19:55',	'2022-08-05 10:00:00',	'2022-08-05 11:00:00',	1,	1,	'LOCAL'),
(107,	'YYDVGLR-LU',	'Ford',	2018,	780.00,	4,	277,	16,	'2022-09-29 20:12:25',	'2022-10-02 10:00:00',	'2022-10-02 11:00:00',	3,	1,	'LOCAL'),
(108,	'YYEKCXI-JN',	'Honda',	2018,	240.00,	3,	163,	3,	'2022-10-30 23:01:08',	'2022-11-02 10:00:00',	'2022-11-02 11:00:00',	2,	1,	'LOCAL'),
(109,	'YYFODGH-NV',	'Honda',	2020,	160.00,	1,	101,	3,	'2022-08-21 21:11:34',	'2022-08-25 10:00:00',	'2022-08-25 11:00:00',	1,	1,	'APP'),
(110,	'YYOVCUT-SG',	'Mercedes-Benz',	2019,	780.00,	4,	158,	3,	'2022-09-06 00:51:29',	'2022-09-10 11:00:00',	'2022-09-10 12:00:00',	2,	2,	'APP'),
(111,	'YYNJQKR-MV',	'Mercedes-Benz',	2020,	780.00,	4,	77,	15,	'2022-08-07 06:28:11',	'2022-08-08 10:00:00',	'2022-08-08 11:00:00',	1,	1,	'WEB'),
(112,	'YYRQDBH-LV',	'Seat',	2018,	240.00,	3,	177,	16,	'2022-08-17 16:45:02',	'2022-08-22 10:00:00',	'2022-08-22 11:00:00',	3,	1,	'APP'),
(113,	'YYRXTFD-GN',	'Volkswagen',	2020,	780.00,	4,	110,	15,	'2022-09-06 09:36:14',	'2022-09-10 11:00:00',	'2022-09-10 12:00:00',	3,	2,	'APP'),
(114,	'YYBSZBJ-FO',	'Tesla',	2018,	780.00,	4,	96,	3,	'2022-11-09 16:18:49',	'2022-11-12 11:00:00',	'2022-11-12 12:00:00',	1,	2,	'WEB'),
(115,	'YYGIEIX-PE',	'Nissan',	2020,	80.00,	2,	225,	2,	'2022-10-12 22:17:49',	'2022-10-16 10:00:00',	'2022-10-16 11:00:00',	1,	1,	'APP'),
(116,	'YYAZMUQ-CG',	'Honda',	2020,	780.00,	4,	216,	2,	'2022-10-04 03:29:36',	'2022-10-05 11:00:00',	'2022-10-05 12:00:00',	1,	2,	'APP'),
(117,	'YYGYDLH-WN',	'Volkswagen',	2018,	80.00,	2,	113,	16,	'2022-11-01 11:12:42',	'2022-11-03 11:00:00',	'2022-11-03 12:00:00',	1,	2,	'WEB'),
(118,	'YYZYLAX-LU',	'Mercedes-Benz',	2018,	780.00,	4,	228,	3,	'2022-11-12 21:50:12',	'2022-11-13 10:00:00',	'2022-11-13 11:00:00',	1,	1,	'APP'),
(119,	'YYBPTMX-XP',	'Honda',	2018,	160.00,	1,	215,	16,	'2022-08-26 22:53:13',	'2022-08-29 11:00:00',	'2022-08-29 12:00:00',	3,	2,	'WEB'),
(120,	'YYCDFWE-TY',	'Seat',	2019,	240.00,	3,	111,	3,	'2022-08-20 21:25:46',	'2022-08-25 10:00:00',	'2022-08-25 11:00:00',	2,	1,	'APP'),
(121,	'YYIYMYW-CM',	'Chevrolet',	2019,	160.00,	1,	75,	2,	'2022-10-06 23:54:00',	'2022-10-09 10:00:00',	'2022-10-09 11:00:00',	1,	1,	'LOCAL'),
(122,	'YYNQPHT-EM',	'Nissan',	2018,	780.00,	4,	265,	2,	'2022-09-10 21:23:12',	'2022-09-13 10:00:00',	'2022-09-13 11:00:00',	2,	1,	'APP'),
(123,	'YYDHUQG-NA',	'Ford',	2019,	780.00,	4,	282,	1,	'2022-11-23 08:44:57',	'2022-11-25 10:00:00',	'2022-11-25 11:00:00',	3,	1,	'LOCAL'),
(124,	'YYBPMAS-QP',	'Nissan',	2020,	160.00,	1,	305,	2,	'2022-08-26 12:18:36',	'2022-08-28 11:00:00',	'2022-08-28 12:00:00',	2,	2,	'WEB'),
(125,	'YYNZNIA-NG',	'Chevrolet',	2019,	240.00,	3,	143,	16,	'2022-08-24 19:05:12',	'2022-08-25 11:00:00',	'2022-08-25 12:00:00',	3,	2,	'APP'),
(126,	'YYEYRNM-OB',	'Ford',	2018,	780.00,	4,	237,	16,	'2022-10-16 08:30:00',	'2022-10-20 10:00:00',	'2022-10-20 11:00:00',	3,	1,	'APP'),
(127,	'YYIBEUY-BD',	'Seat',	2020,	160.00,	1,	85,	2,	'2022-08-08 16:36:10',	'2022-08-10 10:00:00',	'2022-08-10 11:00:00',	1,	1,	'WEB'),
(128,	'YYSTNXY-HB',	'Tesla',	2020,	780.00,	4,	234,	2,	'2022-10-17 05:07:25',	'2022-10-22 10:00:00',	'2022-10-22 11:00:00',	2,	1,	'LOCAL'),
(129,	'YYCONGC-DQ',	'Ford',	2018,	80.00,	2,	86,	3,	'2022-08-19 17:05:14',	'2022-08-21 11:00:00',	'2022-08-21 12:00:00',	3,	2,	'WEB'),
(130,	'YYJGFZF-LC',	'Volkswagen',	2020,	160.00,	1,	89,	2,	'2022-10-19 02:31:42',	'2022-10-24 10:00:00',	'2022-10-24 11:00:00',	3,	1,	'WEB'),
(131,	'YYEMMRM-RI',	'Chevrolet',	2018,	80.00,	2,	275,	15,	'2022-11-04 05:38:08',	'2022-11-09 10:00:00',	'2022-11-09 11:00:00',	3,	1,	'APP'),
(132,	'YYNNLPD-SG',	'Mercedes-Benz',	2020,	240.00,	3,	56,	15,	'2022-10-03 13:27:54',	'2022-10-07 10:00:00',	'2022-10-07 11:00:00',	2,	1,	'APP'),
(133,	'YYVNQKC-DX',	'Tesla',	2019,	160.00,	1,	301,	2,	'2022-11-09 05:29:49',	'2022-11-13 11:00:00',	'2022-11-13 12:00:00',	3,	2,	'WEB'),
(134,	'YYBHVZP-PC',	'Chevrolet',	2019,	240.00,	3,	243,	1,	'2022-11-16 21:08:50',	'2022-11-18 11:00:00',	'2022-11-18 12:00:00',	1,	2,	'LOCAL'),
(135,	'RFCV-MDFGT',	'Tesla',	2018,	80.00,	2,	2,	1,	'2022-11-24 09:08:02',	'2020-11-05 10:00:00',	'2020-12-05 10:00:00',	1,	1,	'WEB'),
(136,	'RFCV-MDFGT',	'Tesla',	2018,	80.00,	2,	2,	1,	'2022-11-30 21:31:06',	'2021-02-14 13:00:00',	'2021-02-14 14:00:00',	2,	4,	'LOCAL'),
(137,	'RFCV-MDFGT',	'Tesla',	2018,	80.00,	2,	2,	1,	'2022-12-03 03:03:32',	'2021-02-14 10:00:00',	'2021-02-14 11:00:00',	3,	4,	'WEB'),
(138,	'YYUTNVP-YW',	'Tesla',	2019,	80.00,	2,	179,	0,	'0000-00-00 00:00:00',	'0000-00-00 00:00:00',	'0000-00-00 00:00:00',	0,	0,	''),
(139,	'YYTKDYT-FQ',	'Ford',	2019,	160.00,	1,	359,	0,	'0000-00-00 00:00:00',	'0000-00-00 00:00:00',	'0000-00-00 00:00:00',	0,	0,	''),
(140,	'YYXBOCS-TG',	'Volkswagen',	2020,	160.00,	1,	230,	0,	'0000-00-00 00:00:00',	'0000-00-00 00:00:00',	'0000-00-00 00:00:00',	0,	0,	''),
(141,	'YYRFQQV-FT',	'Tesla',	2018,	160.00,	1,	314,	0,	'0000-00-00 00:00:00',	'0000-00-00 00:00:00',	'0000-00-00 00:00:00',	0,	0,	''),
(142,	'YYDPGXE-SX',	'Tesla',	2020,	80.00,	2,	250,	0,	'0000-00-00 00:00:00',	'0000-00-00 00:00:00',	'0000-00-00 00:00:00',	0,	0,	''),
(143,	'YYAYKQK-OG',	'Ford',	2018,	240.00,	3,	227,	0,	'0000-00-00 00:00:00',	'0000-00-00 00:00:00',	'0000-00-00 00:00:00',	0,	0,	''),
(144,	'YYUIFNQ-JW',	'Tesla',	2018,	160.00,	1,	213,	0,	'0000-00-00 00:00:00',	'0000-00-00 00:00:00',	'0000-00-00 00:00:00',	0,	0,	''),
(145,	'YYGWYLK-NM',	'Nissan',	2019,	240.00,	3,	297,	0,	'0000-00-00 00:00:00',	'0000-00-00 00:00:00',	'0000-00-00 00:00:00',	0,	0,	''),
(146,	'YYEDUYC-AQ',	'Mercedes-Benz',	2020,	240.00,	3,	325,	0,	'0000-00-00 00:00:00',	'0000-00-00 00:00:00',	'0000-00-00 00:00:00',	0,	0,	''),
(147,	'YYKJAGN-GQ',	'Seat',	2019,	240.00,	3,	286,	0,	'0000-00-00 00:00:00',	'0000-00-00 00:00:00',	'0000-00-00 00:00:00',	0,	0,	''),
(148,	'YYEDRNU-VM',	'Nissan',	2020,	80.00,	2,	221,	0,	'0000-00-00 00:00:00',	'0000-00-00 00:00:00',	'0000-00-00 00:00:00',	0,	0,	''),
(149,	'YYKCRUN-GT',	'Ford',	2019,	780.00,	4,	338,	0,	'0000-00-00 00:00:00',	'0000-00-00 00:00:00',	'0000-00-00 00:00:00',	0,	0,	''),
(150,	'YYJONBE-AI',	'Mercedes-Benz',	2018,	80.00,	2,	287,	0,	'0000-00-00 00:00:00',	'0000-00-00 00:00:00',	'0000-00-00 00:00:00',	0,	0,	''),
(151,	'YYLNYUW-YN',	'Chevrolet',	2018,	160.00,	1,	183,	0,	'0000-00-00 00:00:00',	'0000-00-00 00:00:00',	'0000-00-00 00:00:00',	0,	0,	''),
(152,	'YYIVMEL-ZT',	'Chevrolet',	2020,	780.00,	4,	253,	0,	'0000-00-00 00:00:00',	'0000-00-00 00:00:00',	'0000-00-00 00:00:00',	0,	0,	''),
(153,	'YYAASGF-WH',	'Tesla',	2018,	80.00,	2,	327,	0,	'0000-00-00 00:00:00',	'0000-00-00 00:00:00',	'0000-00-00 00:00:00',	0,	0,	''),
(154,	'YYDRVBS-CU',	'Mercedes-Benz',	2019,	240.00,	3,	347,	0,	'0000-00-00 00:00:00',	'0000-00-00 00:00:00',	'0000-00-00 00:00:00',	0,	0,	''),
(155,	'YYNBJOP-SH',	'Honda',	2020,	780.00,	4,	265,	0,	'0000-00-00 00:00:00',	'0000-00-00 00:00:00',	'0000-00-00 00:00:00',	0,	0,	''),
(156,	'YYCQSGR-GL',	'Honda',	2020,	80.00,	2,	325,	0,	'0000-00-00 00:00:00',	'0000-00-00 00:00:00',	'0000-00-00 00:00:00',	0,	0,	''),
(157,	'YYNQWGT-PM',	'Chevrolet',	2018,	780.00,	4,	304,	0,	'0000-00-00 00:00:00',	'0000-00-00 00:00:00',	'0000-00-00 00:00:00',	0,	0,	''),
(158,	'YYXLHGQ-LJ',	'Seat',	2018,	160.00,	1,	200,	2,	'2022-11-17 09:59:23',	'2022-11-21 12:00:00',	'2022-11-21 13:00:00',	2,	3,	'APP'),
(159,	'YYEOHTQ-PK',	'Mercedes-Benz',	2018,	240.00,	3,	337,	1,	'2022-11-22 11:11:02',	'2022-11-23 11:00:00',	'2022-11-23 12:00:00',	3,	2,	'WEB'),
(160,	'YYAIBCV-FC',	'Honda',	2018,	780.00,	4,	181,	3,	'2022-10-10 15:31:50',	'2022-10-15 13:00:00',	'2022-10-15 14:00:00',	1,	4,	'LOCAL'),
(161,	'YYUSCTE-XW',	'Honda',	2018,	160.00,	1,	349,	2,	'2022-10-29 22:42:42',	'2022-11-02 13:00:00',	'2022-11-02 14:00:00',	3,	4,	'APP'),
(162,	'YYMEGZB-ZN',	'Volkswagen',	2019,	240.00,	3,	204,	2,	'2022-12-01 09:50:07',	'2022-12-05 11:00:00',	'2022-12-05 12:00:00',	3,	2,	'APP'),
(163,	'YYNZDTM-HX',	'Tesla',	2019,	240.00,	3,	331,	3,	'2022-11-05 01:42:12',	'2022-11-08 13:00:00',	'2022-11-08 14:00:00',	2,	4,	'LOCAL'),
(164,	'YYLYLTK-ZA',	'Tesla',	2020,	780.00,	4,	264,	16,	'2022-09-26 19:00:04',	'2022-09-30 12:00:00',	'2022-09-30 13:00:00',	1,	3,	'WEB'),
(165,	'YYBATDB-PI',	'Chevrolet',	2018,	160.00,	1,	167,	2,	'2022-10-29 19:52:26',	'2022-10-30 13:00:00',	'2022-10-30 14:00:00',	2,	4,	'WEB'),
(166,	'YYCPPJM-NX',	'Tesla',	2019,	780.00,	4,	360,	2,	'2022-08-03 12:37:10',	'2022-08-06 10:00:00',	'2022-08-06 11:00:00',	3,	1,	'LOCAL'),
(167,	'YYEIAZA-OF',	'Chevrolet',	2019,	80.00,	2,	228,	1,	'2022-10-22 02:39:17',	'2022-10-25 10:00:00',	'2022-10-25 11:00:00',	1,	1,	'LOCAL'),
(168,	'YYOUFGC-LI',	'Chevrolet',	2020,	240.00,	3,	234,	15,	'2022-09-24 05:33:23',	'2022-09-25 11:00:00',	'2022-09-25 12:00:00',	1,	2,	'APP'),
(169,	'YYKMYGV-DY',	'Chevrolet',	2019,	80.00,	2,	242,	15,	'2022-08-24 11:59:19',	'2022-08-27 14:00:00',	'2022-08-27 15:00:00',	1,	5,	'APP'),
(170,	'YYWJJXY-IU',	'Volkswagen',	2020,	80.00,	2,	337,	1,	'2022-11-23 02:47:49',	'2022-11-24 13:00:00',	'2022-11-24 14:00:00',	1,	4,	'WEB'),
(171,	'YYRWZXS-TZ',	'Volkswagen',	2018,	240.00,	3,	207,	15,	'2022-10-03 05:24:37',	'2022-10-08 11:00:00',	'2022-10-08 12:00:00',	3,	2,	'APP'),
(172,	'YYTWIMN-VE',	'Ford',	2018,	780.00,	4,	352,	16,	'2022-10-04 20:12:41',	'2022-10-05 13:00:00',	'2022-10-05 14:00:00',	3,	4,	'LOCAL'),
(173,	'YYFKRJF-VY',	'Seat',	2020,	240.00,	3,	232,	1,	'2022-10-04 01:33:22',	'2022-10-07 12:00:00',	'2022-10-07 13:00:00',	3,	3,	'WEB'),
(174,	'YYSBLXW-HN',	'Tesla',	2020,	80.00,	2,	203,	1,	'2022-11-25 14:57:50',	'2022-11-30 14:00:00',	'2022-11-30 15:00:00',	2,	5,	'APP'),
(175,	'YYFASSY-WG',	'Tesla',	2018,	240.00,	3,	298,	3,	'2022-12-02 01:59:47',	'2022-12-06 13:00:00',	'2022-12-06 14:00:00',	1,	4,	'LOCAL'),
(176,	'YYRBITD-BG',	'Volkswagen',	2020,	80.00,	2,	281,	15,	'2022-10-23 08:03:08',	'2022-10-26 11:00:00',	'2022-10-26 12:00:00',	3,	2,	'LOCAL'),
(177,	'YYSASXL-BI',	'Nissan',	2018,	240.00,	3,	330,	15,	'2022-11-20 15:06:11',	'2022-11-23 14:00:00',	'2022-11-23 15:00:00',	2,	5,	'APP'),
(178,	'YYBRQEM-II',	'Ford',	2020,	780.00,	4,	210,	2,	'2022-10-05 18:09:04',	'2022-10-07 11:00:00',	'2022-10-07 12:00:00',	3,	2,	'WEB'),
(179,	'YYANJQK-KO',	'Ford',	2019,	80.00,	2,	352,	15,	'2022-10-23 17:44:13',	'2022-10-27 11:00:00',	'2022-10-27 12:00:00',	2,	2,	'LOCAL'),
(180,	'YYWIQGX-YN',	'Mercedes-Benz',	2019,	160.00,	1,	168,	1,	'2022-12-01 06:12:45',	'2022-12-05 11:00:00',	'2022-12-05 12:00:00',	2,	2,	'LOCAL'),
(181,	'YYRZAAJ-TU',	'Ford',	2019,	160.00,	1,	190,	3,	'2022-09-23 18:21:16',	'2022-09-27 14:00:00',	'2022-09-27 15:00:00',	1,	5,	'LOCAL'),
(182,	'YYNYTRW-AS',	'Nissan',	2019,	160.00,	1,	285,	2,	'2022-11-22 00:33:13',	'2022-11-25 11:00:00',	'2022-11-25 12:00:00',	3,	2,	'LOCAL'),
(183,	'YYCDRFE-RT',	'Volkswagen',	2020,	780.00,	4,	3,	15,	'2022-11-05 04:48:14',	'2022-11-10 14:00:00',	'2022-11-10 15:00:00',	3,	5,	'WEB'),
(184,	'YYPZQRY-BO',	'Seat',	2020,	780.00,	4,	265,	2,	'2022-11-11 11:27:47',	'2022-11-15 11:00:00',	'2022-11-15 12:00:00',	3,	2,	'WEB'),
(185,	'YYJOVUM-XM',	'Nissan',	2019,	780.00,	4,	180,	1,	'2022-08-17 20:36:09',	'2022-08-20 11:00:00',	'2022-08-20 12:00:00',	1,	2,	'WEB'),
(186,	'YYDMCFP-HI',	'Nissan',	2018,	160.00,	1,	1,	2,	'2022-10-24 05:47:49',	'2022-10-28 11:00:00',	'2022-10-28 12:00:00',	1,	2,	'APP'),
(187,	'YYVATFH-OX',	'Tesla',	2020,	780.00,	4,	254,	3,	'2022-09-13 03:50:30',	'2022-09-17 11:00:00',	'2022-09-17 12:00:00',	1,	2,	'APP'),
(188,	'YYAUOED-SI',	'Tesla',	2019,	160.00,	1,	166,	15,	'2022-09-30 04:04:50',	'2022-10-01 13:00:00',	'2022-10-01 14:00:00',	2,	4,	'WEB'),
(189,	'YYIJGNE-DU',	'Mercedes-Benz',	2019,	240.00,	3,	287,	3,	'2022-09-18 08:23:22',	'2022-09-21 10:00:00',	'2022-09-21 11:00:00',	2,	1,	'WEB'),
(190,	'YYOJNBM-KX',	'Mercedes-Benz',	2018,	780.00,	4,	199,	15,	'2022-12-02 00:27:43',	'2022-12-05 11:00:00',	'2022-12-05 12:00:00',	1,	2,	'APP'),
(191,	'YYWBVTA-YW',	'Nissan',	2019,	240.00,	3,	276,	2,	'2022-10-12 13:05:42',	'2022-10-14 12:00:00',	'2022-10-14 13:00:00',	1,	3,	'APP'),
(192,	'YYGGJDC-BW',	'Seat',	2019,	240.00,	3,	324,	1,	'2022-09-13 13:12:06',	'2022-09-15 13:00:00',	'2022-09-15 14:00:00',	3,	4,	'WEB'),
(193,	'YYGSWJJ-BT',	'Volkswagen',	2019,	240.00,	3,	181,	1,	'2022-09-08 06:49:06',	'2022-09-09 12:00:00',	'2022-09-09 13:00:00',	1,	3,	'WEB'),
(194,	'YYLMFRB-LM',	'Nissan',	2020,	80.00,	2,	195,	1,	'2022-08-07 07:37:30',	'2022-08-08 11:00:00',	'2022-08-08 12:00:00',	1,	2,	'APP'),
(195,	'YYDFKNP-NC',	'Nissan',	2019,	240.00,	3,	303,	1,	'2022-08-31 07:20:33',	'2022-09-05 12:00:00',	'2022-09-05 13:00:00',	1,	3,	'APP'),
(196,	'YYOJBNZ-JU',	'Mercedes-Benz',	2018,	80.00,	2,	348,	1,	'2022-11-11 11:46:54',	'2022-11-14 11:00:00',	'2022-11-14 12:00:00',	2,	2,	'APP'),
(197,	'YYVLWVD-VA',	'Honda',	2019,	780.00,	4,	278,	16,	'2022-09-12 09:36:14',	'2022-09-16 14:00:00',	'2022-09-16 15:00:00',	3,	5,	'APP'),
(198,	'YYBJPCC-DW',	'Seat',	2020,	240.00,	3,	1,	1,	'2022-10-05 23:27:58',	'2022-10-06 10:00:00',	'2022-10-06 11:00:00',	1,	1,	'LOCAL'),
(199,	'YYPJOYP-DX',	'Tesla',	2018,	160.00,	1,	199,	15,	'2022-11-11 16:05:25',	'2022-11-16 14:00:00',	'2022-11-16 15:00:00',	3,	5,	'WEB'),
(200,	'YYPRFCC-ZW',	'Chevrolet',	2018,	780.00,	4,	201,	1,	'2022-11-27 08:01:00',	'2022-11-29 10:00:00',	'2022-11-29 11:00:00',	2,	1,	'LOCAL'),
(201,	'YYHXTRN-DA',	'Nissan',	2018,	160.00,	1,	245,	16,	'2022-11-28 20:37:20',	'2022-11-30 12:00:00',	'2022-11-30 13:00:00',	2,	3,	'LOCAL'),
(202,	'YYVZDXD-LB',	'Tesla',	2019,	160.00,	1,	214,	1,	'2022-11-19 07:03:23',	'2022-11-23 13:00:00',	'2022-11-23 14:00:00',	3,	4,	'WEB'),
(203,	'YYFCMRO-FH',	'Ford',	2018,	240.00,	3,	257,	2,	'2022-10-19 03:05:34',	'2022-10-24 10:00:00',	'2022-10-24 11:00:00',	2,	1,	'WEB'),
(204,	'YYKMCZA-TU',	'Ford',	2018,	780.00,	4,	247,	15,	'2022-09-05 23:51:49',	'2022-09-07 10:00:00',	'2022-09-07 11:00:00',	3,	1,	'WEB'),
(205,	'YYOPMIU-CR',	'Volkswagen',	2018,	160.00,	1,	304,	2,	'2022-09-19 03:44:38',	'2022-09-22 14:00:00',	'2022-09-22 15:00:00',	1,	5,	'WEB'),
(206,	'YYGDLTJ-BM',	'Seat',	2019,	780.00,	4,	192,	1,	'2022-10-23 17:14:09',	'2022-10-24 13:00:00',	'2022-10-24 14:00:00',	2,	4,	'WEB'),
(207,	'YYQJTAW-LZ',	'Ford',	2020,	80.00,	2,	257,	1,	'2022-10-30 09:27:30',	'2022-11-01 14:00:00',	'2022-11-01 15:00:00',	3,	5,	'LOCAL'),
(208,	'YYPWOCO-HE',	'Tesla',	2019,	240.00,	3,	282,	1,	'2022-10-23 22:40:27',	'2022-10-28 13:00:00',	'2022-10-28 14:00:00',	1,	4,	'APP'),
(209,	'YYRSSOZ-ZB',	'Tesla',	2020,	160.00,	1,	325,	2,	'2022-10-24 00:31:39',	'2022-10-26 10:00:00',	'2022-10-26 11:00:00',	2,	1,	'WEB'),
(210,	'YYTUEFT-EZ',	'Nissan',	2018,	240.00,	3,	352,	15,	'2022-11-03 10:24:19',	'2022-11-07 14:00:00',	'2022-11-07 15:00:00',	3,	5,	'APP'),
(211,	'YYKTTGA-GM',	'Seat',	2019,	780.00,	4,	207,	3,	'2022-08-24 04:04:39',	'2022-08-26 10:00:00',	'2022-08-26 11:00:00',	1,	1,	'LOCAL'),
(212,	'YYDFZTG-IH',	'Tesla',	2018,	240.00,	3,	291,	15,	'2022-10-04 01:27:14',	'2022-10-07 12:00:00',	'2022-10-07 13:00:00',	2,	3,	'APP'),
(213,	'YYJHEHV-GO',	'Tesla',	2018,	160.00,	1,	199,	16,	'2022-10-09 06:00:49',	'2022-10-13 12:00:00',	'2022-10-13 13:00:00',	1,	3,	'APP'),
(214,	'YYADHZI-EP',	'Tesla',	2020,	240.00,	3,	199,	3,	'2022-08-19 13:41:03',	'2022-08-21 14:00:00',	'2022-08-21 15:00:00',	2,	5,	'APP'),
(215,	'YYVTDQC-MM',	'Honda',	2019,	240.00,	3,	316,	1,	'2022-11-08 04:16:59',	'2022-11-11 13:00:00',	'2022-11-11 14:00:00',	3,	4,	'LOCAL'),
(216,	'YYXVTLR-NA',	'Mercedes-Benz',	2019,	240.00,	3,	298,	15,	'2022-09-06 10:55:28',	'2022-09-11 13:00:00',	'2022-09-11 14:00:00',	2,	4,	'WEB'),
(217,	'YYRUZZU-QX',	'Tesla',	2019,	240.00,	3,	255,	16,	'2022-08-15 22:17:40',	'2022-08-16 11:00:00',	'2022-08-16 12:00:00',	3,	2,	'WEB'),
(218,	'YYMZGFF-UY',	'Tesla',	2018,	240.00,	3,	225,	1,	'2022-09-29 16:05:15',	'2022-10-02 11:00:00',	'2022-10-02 12:00:00',	1,	2,	'APP'),
(219,	'YYSGGIL-AP',	'Volkswagen',	2019,	240.00,	3,	186,	1,	'2022-10-01 12:32:03',	'2022-10-04 10:00:00',	'2022-10-04 11:00:00',	3,	1,	'APP'),
(220,	'YYUHEMR-WU',	'Tesla',	2020,	780.00,	4,	334,	1,	'2022-11-26 23:46:01',	'2022-12-01 10:00:00',	'2022-12-01 11:00:00',	1,	1,	'WEB'),
(221,	'YYQDAEH-ML',	'Tesla',	2020,	240.00,	3,	172,	15,	'2022-11-07 17:20:08',	'2022-11-08 10:00:00',	'2022-11-08 11:00:00',	2,	1,	'APP'),
(222,	'YYTMLYT-OA',	'Nissan',	2018,	780.00,	4,	204,	3,	'2022-11-02 13:19:16',	'2022-11-04 13:00:00',	'2022-11-04 14:00:00',	2,	4,	'WEB'),
(223,	'YYKPBVA-VF',	'Seat',	2020,	780.00,	4,	2,	15,	'2022-08-06 03:15:24',	'2022-08-11 12:00:00',	'2022-08-11 13:00:00',	2,	3,	'APP'),
(224,	'YYZRDAZ-ED',	'Volkswagen',	2019,	240.00,	3,	179,	1,	'2022-08-13 21:08:51',	'2022-08-16 10:00:00',	'2022-08-16 11:00:00',	3,	1,	'WEB'),
(225,	'YYLPBPP-QT',	'Mercedes-Benz',	2018,	240.00,	3,	262,	1,	'2022-08-06 20:23:52',	'2022-08-07 10:00:00',	'2022-08-07 11:00:00',	2,	1,	'APP'),
(226,	'YYALUYW-CR',	'Chevrolet',	2019,	80.00,	2,	352,	3,	'2022-08-08 08:45:10',	'2022-08-09 13:00:00',	'2022-08-09 14:00:00',	3,	4,	'WEB'),
(227,	'YYZEGIB-TB',	'Mercedes-Benz',	2020,	80.00,	2,	229,	3,	'2022-11-01 14:39:20',	'2022-11-05 13:00:00',	'2022-11-05 14:00:00',	2,	4,	'APP'),
(228,	'YYOKKMM-RU',	'Nissan',	2018,	780.00,	4,	299,	1,	'2022-08-08 18:41:22',	'2022-08-11 14:00:00',	'2022-08-11 15:00:00',	2,	5,	'WEB'),
(229,	'YYBIARJ-FR',	'Mercedes-Benz',	2020,	780.00,	4,	293,	1,	'2022-11-20 20:32:13',	'2022-11-25 14:00:00',	'2022-11-25 15:00:00',	1,	5,	'LOCAL'),
(230,	'YYRQFVY-UZ',	'Honda',	2019,	80.00,	2,	189,	16,	'2022-11-15 08:11:26',	'2022-11-20 12:00:00',	'2022-11-20 13:00:00',	1,	3,	'WEB'),
(231,	'YYOOMVH-NK',	'Tesla',	2020,	240.00,	3,	318,	16,	'2022-10-09 01:21:19',	'2022-10-11 14:00:00',	'2022-10-11 15:00:00',	2,	5,	'LOCAL'),
(232,	'YYYIEBV-VF',	'Tesla',	2019,	160.00,	1,	256,	2,	'2022-10-29 05:08:31',	'2022-11-02 11:00:00',	'2022-11-02 12:00:00',	3,	2,	'LOCAL'),
(233,	'YYZGJKA-OO',	'Nissan',	2019,	80.00,	2,	282,	15,	'2022-08-20 22:10:54',	'2022-08-24 12:00:00',	'2022-08-24 13:00:00',	2,	3,	'WEB'),
(234,	'YYRLNXY-ID',	'Mercedes-Benz',	2019,	780.00,	4,	336,	16,	'2022-10-20 08:01:33',	'2022-10-24 11:00:00',	'2022-10-24 12:00:00',	2,	2,	'APP'),
(235,	'YYOQMRY-YN',	'Chevrolet',	2019,	780.00,	4,	302,	16,	'2022-09-02 23:30:24',	'2022-09-05 10:00:00',	'2022-09-05 11:00:00',	1,	1,	'LOCAL'),
(236,	'YYZWEHK-BE',	'Nissan',	2020,	80.00,	2,	238,	1,	'2022-11-15 20:58:12',	'2022-11-18 12:00:00',	'2022-11-18 13:00:00',	1,	3,	'APP'),
(237,	'YYDHCCU-CP',	'Nissan',	2020,	80.00,	2,	330,	15,	'2022-08-07 15:51:33',	'2022-08-11 14:00:00',	'2022-08-11 15:00:00',	1,	5,	'WEB'),
(238,	'YYERIEL-HM',	'Chevrolet',	2019,	780.00,	4,	196,	1,	'2022-10-06 01:00:29',	'2022-10-09 13:00:00',	'2022-10-09 14:00:00',	2,	4,	'LOCAL'),
(239,	'YYZKTVA-DH',	'Chevrolet',	2018,	80.00,	2,	263,	16,	'2022-10-07 03:50:23',	'2022-10-08 10:00:00',	'2022-10-08 11:00:00',	3,	1,	'APP'),
(240,	'YYATGLR-TC',	'Seat',	2018,	80.00,	2,	185,	1,	'2022-08-11 09:15:25',	'2022-08-16 14:00:00',	'2022-08-16 15:00:00',	1,	5,	'WEB'),
(241,	'YYIUWCK-YK',	'Nissan',	2018,	240.00,	3,	229,	15,	'2022-10-21 02:53:52',	'2022-10-25 10:00:00',	'2022-10-25 11:00:00',	3,	1,	'WEB'),
(242,	'YYOVTOU-WM',	'Mercedes-Benz',	2020,	240.00,	3,	272,	3,	'2022-08-08 15:56:50',	'2022-08-09 14:00:00',	'2022-08-09 15:00:00',	3,	5,	'LOCAL'),
(243,	'YYCEDHA-FY',	'Chevrolet',	2018,	80.00,	2,	358,	2,	'2022-11-03 23:29:27',	'2022-11-08 13:00:00',	'2022-11-08 14:00:00',	1,	4,	'LOCAL'),
(244,	'YYZICFX-HO',	'Ford',	2020,	780.00,	4,	200,	16,	'2022-11-01 06:45:22',	'2022-11-05 10:00:00',	'2022-11-05 11:00:00',	1,	1,	'LOCAL'),
(245,	'YYGRSMN-HE',	'Honda',	2019,	240.00,	3,	286,	15,	'2022-10-28 03:08:48',	'2022-11-02 10:00:00',	'2022-11-02 11:00:00',	3,	1,	'WEB'),
(246,	'YYWZQIP-EX',	'Volkswagen',	2018,	80.00,	2,	215,	3,	'2022-10-14 06:32:44',	'2022-10-16 14:00:00',	'2022-10-16 15:00:00',	1,	5,	'WEB'),
(247,	'YYPWBVC-DP',	'Volkswagen',	2019,	780.00,	4,	195,	15,	'2022-11-27 16:30:03',	'2022-12-02 14:00:00',	'2022-12-02 15:00:00',	2,	5,	'WEB'),
(248,	'YYIXVIJ-GF',	'Seat',	2019,	160.00,	1,	306,	2,	'2022-09-16 07:14:49',	'2022-09-21 10:00:00',	'2022-09-21 11:00:00',	1,	1,	'APP'),
(249,	'YYEMUKR-WC',	'Ford',	2020,	240.00,	3,	221,	2,	'2022-10-06 03:36:16',	'2022-10-08 11:00:00',	'2022-10-08 12:00:00',	2,	2,	'WEB'),
(250,	'YYFXSMG-AP',	'Honda',	2018,	80.00,	2,	170,	15,	'2022-10-02 19:25:31',	'2022-10-05 13:00:00',	'2022-10-05 14:00:00',	2,	4,	'LOCAL'),
(251,	'YYABUBY-XG',	'Volkswagen',	2018,	780.00,	4,	289,	3,	'2022-09-07 20:41:44',	'2022-09-11 11:00:00',	'2022-09-11 12:00:00',	2,	2,	'APP'),
(252,	'YYIOUVZ-YD',	'Mercedes-Benz',	2020,	160.00,	1,	315,	1,	'2022-11-11 07:41:50',	'2022-11-16 11:00:00',	'2022-11-16 12:00:00',	2,	2,	'WEB'),
(253,	'YYXCGYA-DN',	'Nissan',	2019,	780.00,	4,	4,	2,	'2022-09-12 05:55:03',	'2022-09-15 12:00:00',	'2022-09-15 13:00:00',	3,	3,	'LOCAL'),
(254,	'YYSPAVN-BI',	'Nissan',	2019,	240.00,	3,	331,	1,	'2022-11-23 22:26:55',	'2022-11-27 12:00:00',	'2022-11-27 13:00:00',	1,	3,	'WEB'),
(255,	'YYKWXGV-IV',	'Volkswagen',	2018,	160.00,	1,	313,	2,	'2022-11-10 14:18:50',	'2022-11-15 12:00:00',	'2022-11-15 13:00:00',	1,	3,	'LOCAL'),
(256,	'YYTRPQJ-CR',	'Chevrolet',	2019,	240.00,	3,	254,	15,	'2022-09-01 23:07:10',	'2022-09-06 13:00:00',	'2022-09-06 14:00:00',	1,	4,	'APP'),
(257,	'YYPCJEC-IP',	'Nissan',	2020,	160.00,	1,	229,	1,	'2022-11-29 04:55:39',	'2022-11-30 14:00:00',	'2022-11-30 15:00:00',	1,	5,	'WEB'),
(258,	'RFCV-MDFGT',	'Tesla',	2018,	80.00,	2,	2,	1,	'2022-12-03 19:09:21',	'2021-12-03 13:00:00',	'2021-12-03 14:00:00',	3,	4,	'WEB'),
(259,	'RFCV-MDFGT',	'Tesla',	2018,	80.00,	2,	2,	1,	'2022-12-03 19:11:07',	'2021-12-03 13:00:00',	'2021-12-03 14:00:00',	2,	4,	'WEB'),
(260,	'RFCV-MDFGT',	'Tesla',	2018,	80.00,	2,	2,	1,	'2022-12-03 22:20:51',	'2022-12-03 13:00:00',	'2022-12-03 14:00:00',	3,	4,	'WEB'),
(261,	'RFCV-MDFGT',	'Tesla',	2018,	80.00,	2,	2,	1,	'2022-12-03 22:21:39',	'2022-12-03 13:00:00',	'2022-12-03 14:00:00',	4,	4,	'WEB'),
(262,	'RFCV-MDFGT',	'Tesla',	2018,	80.00,	2,	2,	1,	'2022-12-03 22:26:05',	'2022-12-03 13:00:00',	'2022-12-03 14:00:00',	1,	4,	'WEB'),
(263,	'RFCV-MDFGT',	'Tesla',	2018,	80.00,	2,	2,	1,	'2022-12-03 22:26:12',	'2022-12-03 13:00:00',	'2022-12-03 14:00:00',	2,	4,	'WEB');

DROP TABLE IF EXISTS `socio`;
CREATE TABLE `socio` (
  `idsocio` int NOT NULL AUTO_INCREMENT,
  `nombre` varchar(100) NOT NULL,
  `idtiposocio` int NOT NULL,
  `idusuario` int NOT NULL,
  PRIMARY KEY (`idsocio`)
) ENGINE=InnoDB DEFAULT CHARSET=utf8mb4 COLLATE=utf8mb4_0900_ai_ci;

INSERT INTO `socio` (`idsocio`, `nombre`, `idtiposocio`, `idusuario`) VALUES
(1,	'Jorge Armando Puga',	1,	1),
(2,	'Erick Lopez Martinez',	2,	1),
(3,	'Sergio Puga Sosa',	1,	2),
(15,	'Mariano Gutierrez',	2,	29),
(16,	'Ricardo Peralta',	1,	33);

DROP TABLE IF EXISTS `sucursal`;
CREATE TABLE `sucursal` (
  `idsucursal` int NOT NULL AUTO_INCREMENT,
  `nombre` varchar(100) NOT NULL,
  PRIMARY KEY (`idsucursal`)
) ENGINE=InnoDB DEFAULT CHARSET=utf8mb4 COLLATE=utf8mb4_0900_ai_ci;

INSERT INTO `sucursal` (`idsucursal`, `nombre`) VALUES
(1,	'Norte'),
(2,	'Sur'),
(3,	'Este'),
(4,	'Oeste'),
(5,	'Centro');

DROP TABLE IF EXISTS `tiposervicio`;
CREATE TABLE `tiposervicio` (
  `idtiposervicio` int NOT NULL AUTO_INCREMENT,
  `nombre` varchar(100) NOT NULL,
  `precio` decimal(10,2) NOT NULL,
  PRIMARY KEY (`idtiposervicio`)
) ENGINE=InnoDB DEFAULT CHARSET=utf8mb4 COLLATE=utf8mb4_0900_ai_ci;

INSERT INTO `tiposervicio` (`idtiposervicio`, `nombre`, `precio`) VALUES
(1,	'Lavado encerado',	160.00),
(2,	'Basico',	80.00),
(3,	'Premier',	240.00),
(4,	'VIP',	780.00);

DROP TABLE IF EXISTS `tiposocio`;
CREATE TABLE `tiposocio` (
  `idtiposocio` int NOT NULL AUTO_INCREMENT,
  `nombre` varchar(100) NOT NULL,
  PRIMARY KEY (`idtiposocio`)
) ENGINE=InnoDB DEFAULT CHARSET=utf8mb4 COLLATE=utf8mb4_0900_ai_ci;

INSERT INTO `tiposocio` (`idtiposocio`, `nombre`) VALUES
(1,	'Estandar'),
(2,	'VIP');

DROP TABLE IF EXISTS `usuario`;
CREATE TABLE `usuario` (
  `idusuario` int NOT NULL AUTO_INCREMENT,
  `email` varchar(255) NOT NULL,
  `password` varchar(255) NOT NULL,
  `idrol` int NOT NULL,
  PRIMARY KEY (`idusuario`)
) ENGINE=InnoDB DEFAULT CHARSET=utf8mb4 COLLATE=utf8mb4_0900_ai_ci;

INSERT INTO `usuario` (`idusuario`, `email`, `password`, `idrol`) VALUES
(28,	'pepepuga@gmail.com',	'$2y$10$QgoqH6Fg2yhk.vGLqtugsu7sjjWhOrsKSTVfjFaSLJsUuEj1JoxGG',	1),
(32,	'pepega@gmail.com',	'$2y$10$hWweiCBCCLrsx16D/GwHnu1w4SylIde1HG2wdlOC7u1rpZ8fBSVDm',	2),
(33,	'socio@gmail.com',	'$2y$10$7K2oaP8SiGxH1LjSlRfysObsCsINi1zXQHASd59G8focrZdUC3NhW',	4),
(34,	'1234@gmail.com',	'$2y$10$5HUi4gMfks0KLVIlsLm4oOctNOsugjpyh1drhCg3x0roM5jnPLQha',	2),
(35,	'jorge.marrufo@gmail.com',	'$2y$10$JE2PxMhOGk2XcekDvb0w9Og9/a23Gq/VIV1Eh6oPfq28uMEsKJZv2',	3),
(36,	'gerente@gmail.com',	'$2y$10$facylstD0CkAF5U0DN39U.bYbgIwRpG/.ni0UDQqExR4pOmOklpdm',	5);

-- 2022-12-03 22:46:38
